{
    "loss": 21.382883071899414,
    "accuracy": 0.7717028856277466
}